Trainer ID,Certificates
30107,NASM
30107,National Academy of Sports Medicine
30190,NSCA
30190,National Strength and Conditioning Association
30190,ISSA
30190,International Sports Sciences Association
30190,NASM
30190,National Academy of Sports Medicine
30162,ISSA
30162,International Sports Sciences Association
30162,CPR & First Aid Certified
30200,ISSA
30200,International Sports Sciences Association
30200,NSCA
30200,National Strength and Conditioning Association
30035,CrossFit Level 1 Trainer
30035,ISSA
30035,International Sports Sciences Association
30175,CrossFit Level 1 Trainer
30110,ACE
30110,American Council on Exercise
30110,CPR & First Aid Certified
30110,ISSA
30110,International Sports Sciences Association
30197,NASM
30197,National Academy of Sports Medicine
30072,CrossFit Level 1 Trainer
30112,ACSM
30112,American College of Sports Medicine
30061,CrossFit Level 1 Trainer
30061,ACSM
30061,American College of Sports Medicine
30119,ACSM
30119,American College of Sports Medicine
30119,ACE
30119,American Council on Exercise
30119,NSCA
30119,National Strength and Conditioning Association
30033,NASM
30033,National Academy of Sports Medicine
30033,NSCA
30033,National Strength and Conditioning Association
30033,CPR & First Aid Certified
30142,NSCA
30142,National Strength and Conditioning Association
30194,NSCA
30194,National Strength and Conditioning Association
30194,ACE
30194,American Council on Exercise
30194,ACSM
30194,American College of Sports Medicine
30012,CPR & First Aid Certified
30154,ISSA
30154,International Sports Sciences Association
30154,ACSM
30154,American College of Sports Medicine
30008,CPR & First Aid Certified
30008,ACE
30008,American Council on Exercise
30008,NSCA
30008,National Strength and Conditioning Association
30113,CPR & First Aid Certified
30113,NSCA
30113,National Strength and Conditioning Association
30189,ACSM
30189,American College of Sports Medicine
30189,CPR & First Aid Certified
30189,CrossFit Level 1 Trainer
30066,NASM
30066,National Academy of Sports Medicine
30066,ACSM
30066,American College of Sports Medicine
30066,ISSA
30066,International Sports Sciences Association
30153,ACSM
30153,American College of Sports Medicine
30153,ACE
30153,American Council on Exercise
30096,ISSA
30096,International Sports Sciences Association
30096,CrossFit Level 1 Trainer
30096,ACE
30096,American Council on Exercise
30014,ACE
30014,American Council on Exercise
30014,CrossFit Level 1 Trainer
30014,ISSA
30014,International Sports Sciences Association
30186,NSCA
30186,National Strength and Conditioning Association
30160,ACSM
30160,American College of Sports Medicine
30059,CrossFit Level 1 Trainer
30059,ACSM
30059,American College of Sports Medicine
30059,NSCA
30059,National Strength and Conditioning Association
30001,CPR & First Aid Certified
30001,ISSA
30001,International Sports Sciences Association
30039,NSCA
30039,National Strength and Conditioning Association
30039,CPR & First Aid Certified
30039,ACSM
30039,American College of Sports Medicine
30151,NASM
30151,National Academy of Sports Medicine
30151,ACE
30151,American Council on Exercise
30030,ACSM
30030,American College of Sports Medicine
30076,CrossFit Level 1 Trainer
30076,ACE
30076,American Council on Exercise
30013,CrossFit Level 1 Trainer
30159,CrossFit Level 1 Trainer
30159,ACSM
30159,American College of Sports Medicine
30183,NSCA
30183,National Strength and Conditioning Association
30148,CPR & First Aid Certified
30100,ACSM
30100,American College of Sports Medicine
30100,ACE
30100,American Council on Exercise
30100,CPR & First Aid Certified
30170,ACSM
30170,American College of Sports Medicine
30170,NASM
30170,National Academy of Sports Medicine
30157,CPR & First Aid Certified
30028,ACSM
30028,American College of Sports Medicine
30028,CPR & First Aid Certified
30083,CrossFit Level 1 Trainer
30083,CPR & First Aid Certified
30179,CrossFit Level 1 Trainer
30179,NASM
30179,National Academy of Sports Medicine
30094,ACSM
30094,American College of Sports Medicine
30068,NASM
30068,National Academy of Sports Medicine
30026,ACE
30026,American Council on Exercise
30026,NASM
30026,National Academy of Sports Medicine
30081,NSCA
30081,National Strength and Conditioning Association
30081,NASM
30081,National Academy of Sports Medicine
30081,ISSA
30081,International Sports Sciences Association
30057,CrossFit Level 1 Trainer
30057,ACE
30057,American Council on Exercise
30057,NSCA
30057,National Strength and Conditioning Association
30181,NSCA
30181,National Strength and Conditioning Association
30181,NASM
30181,National Academy of Sports Medicine
30181,CrossFit Level 1 Trainer
30130,NASM
30130,National Academy of Sports Medicine
30130,ISSA
30130,International Sports Sciences Association
30130,CrossFit Level 1 Trainer
30127,CrossFit Level 1 Trainer
30127,ISSA
30127,International Sports Sciences Association
30127,ACE
30127,American Council on Exercise
30108,ACSM
30108,American College of Sports Medicine
30108,ISSA
30108,International Sports Sciences Association
30064,ACSM
30064,American College of Sports Medicine
30064,NSCA
30064,National Strength and Conditioning Association
30155,CrossFit Level 1 Trainer
30034,CPR & First Aid Certified
30111,CPR & First Aid Certified
30124,CPR & First Aid Certified
30124,CrossFit Level 1 Trainer
30098,CPR & First Aid Certified
30098,ACE
30098,American Council on Exercise
30070,ACE
30070,American Council on Exercise
30023,NASM
30023,National Academy of Sports Medicine
30023,ACE
30023,American Council on Exercise
30024,ISSA
30024,International Sports Sciences Association
30024,ACSM
30024,American College of Sports Medicine
30173,ISSA
30173,International Sports Sciences Association
30173,NSCA
30173,National Strength and Conditioning Association
30191,ISSA
30191,International Sports Sciences Association
30191,CPR & First Aid Certified
30051,CPR & First Aid Certified
30051,ACE
30051,American Council on Exercise
30132,NASM
30132,National Academy of Sports Medicine
30089,CrossFit Level 1 Trainer
30016,ACSM
30016,American College of Sports Medicine
30016,ISSA
30016,International Sports Sciences Association
30086,ACSM
30086,American College of Sports Medicine
30086,ACE
30086,American Council on Exercise
30163,ACE
30163,American Council on Exercise
30187,CrossFit Level 1 Trainer
30187,ISSA
30187,International Sports Sciences Association
30187,ACE
30187,American Council on Exercise
30082,ISSA
30082,International Sports Sciences Association
30082,NSCA
30082,National Strength and Conditioning Association
30082,ACE
30082,American Council on Exercise
30104,NSCA
30104,National Strength and Conditioning Association
30062,NSCA
30062,National Strength and Conditioning Association
30062,ACE
30062,American Council on Exercise
30062,NASM
30062,National Academy of Sports Medicine
30195,ISSA
30195,International Sports Sciences Association
30017,ACE
30017,American Council on Exercise
30078,NSCA
30078,National Strength and Conditioning Association
30078,CPR & First Aid Certified
30078,ISSA
30078,International Sports Sciences Association
30099,ACE
30099,American Council on Exercise
30099,NASM
30099,National Academy of Sports Medicine
30069,ACSM
30069,American College of Sports Medicine
30069,CrossFit Level 1 Trainer
30069,CPR & First Aid Certified
30071,ACE
30071,American Council on Exercise
30071,ISSA
30071,International Sports Sciences Association
30166,ACSM
30166,American College of Sports Medicine
30166,CrossFit Level 1 Trainer
30166,ACE
30166,American Council on Exercise
30020,ACE
30020,American Council on Exercise
30020,ISSA
30020,International Sports Sciences Association
30136,CPR & First Aid Certified
30136,ACE
30136,American Council on Exercise
30136,NASM
30136,National Academy of Sports Medicine
30105,ISSA
30105,International Sports Sciences Association
30105,CPR & First Aid Certified
30146,NASM
30146,National Academy of Sports Medicine
30080,NSCA
30080,National Strength and Conditioning Association
30075,ACSM
30075,American College of Sports Medicine
30043,ACE
30043,American Council on Exercise
30043,CrossFit Level 1 Trainer
30029,ISSA
30029,International Sports Sciences Association
30029,NSCA
30029,National Strength and Conditioning Association
30133,NASM
30133,National Academy of Sports Medicine
30133,CrossFit Level 1 Trainer
30088,ACE
30088,American Council on Exercise
30088,CPR & First Aid Certified
30088,CrossFit Level 1 Trainer
30087,CPR & First Aid Certified
30087,ISSA
30087,International Sports Sciences Association
30087,CrossFit Level 1 Trainer
30095,CrossFit Level 1 Trainer
30164,CrossFit Level 1 Trainer
30144,NASM
30144,National Academy of Sports Medicine
30037,ISSA
30037,International Sports Sciences Association
30097,ACSM
30097,American College of Sports Medicine
30056,CPR & First Aid Certified
30118,ISSA
30118,International Sports Sciences Association
30118,CPR & First Aid Certified
30118,NSCA
30118,National Strength and Conditioning Association
30042,CPR & First Aid Certified
30042,CrossFit Level 1 Trainer
30042,ACSM
30042,American College of Sports Medicine
30015,ACSM
30015,American College of Sports Medicine
30015,ISSA
30015,International Sports Sciences Association
30015,CPR & First Aid Certified
30091,ISSA
30091,International Sports Sciences Association
30091,NSCA
30091,National Strength and Conditioning Association
30184,ACE
30184,American Council on Exercise
30184,ISSA
30184,International Sports Sciences Association
30135,CrossFit Level 1 Trainer
30135,ACE
30135,American Council on Exercise
30027,CrossFit Level 1 Trainer
30027,NSCA
30027,National Strength and Conditioning Association
30182,ISSA
30182,International Sports Sciences Association
30182,NASM
30182,National Academy of Sports Medicine
30182,ACSM
30182,American College of Sports Medicine
30018,NSCA
30018,National Strength and Conditioning Association
30018,CrossFit Level 1 Trainer
30018,ACSM
30018,American College of Sports Medicine
30140,ISSA
30140,International Sports Sciences Association
30140,NSCA
30140,National Strength and Conditioning Association
30007,NSCA
30007,National Strength and Conditioning Association
30007,ISSA
30007,International Sports Sciences Association
30007,ACSM
30007,American College of Sports Medicine
30126,NSCA
30126,National Strength and Conditioning Association
30126,CPR & First Aid Certified
30126,ISSA
30126,International Sports Sciences Association
30022,NASM
30022,National Academy of Sports Medicine
30121,NSCA
30121,National Strength and Conditioning Association
30050,ACE
30050,American Council on Exercise
30050,ISSA
30050,International Sports Sciences Association
30002,NASM
30002,National Academy of Sports Medicine
30152,ACE
30152,American Council on Exercise
30180,CPR & First Aid Certified
30180,ISSA
30180,International Sports Sciences Association
30180,NSCA
30180,National Strength and Conditioning Association
30116,NSCA
30116,National Strength and Conditioning Association
30176,ISSA
30176,International Sports Sciences Association
30176,NSCA
30176,National Strength and Conditioning Association
30176,NASM
30176,National Academy of Sports Medicine
30036,CPR & First Aid Certified
30036,ACSM
30036,American College of Sports Medicine
30139,ISSA
30139,International Sports Sciences Association
30054,CPR & First Aid Certified
30011,NASM
30011,National Academy of Sports Medicine
30011,ISSA
30011,International Sports Sciences Association
30101,NASM
30101,National Academy of Sports Medicine
30101,ACSM
30101,American College of Sports Medicine
30101,ACE
30101,American Council on Exercise
30047,ACSM
30047,American College of Sports Medicine
30047,ACE
30047,American Council on Exercise
30003,ACE
30003,American Council on Exercise
30003,CrossFit Level 1 Trainer
30198,CPR & First Aid Certified
30045,ISSA
30045,International Sports Sciences Association
30045,ACSM
30045,American College of Sports Medicine
30178,ACE
30178,American Council on Exercise
30178,NASM
30178,National Academy of Sports Medicine
30178,NSCA
30178,National Strength and Conditioning Association
30032,ACSM
30032,American College of Sports Medicine
30032,ISSA
30032,International Sports Sciences Association
30131,CPR & First Aid Certified
30174,NASM
30174,National Academy of Sports Medicine
30174,ACE
30174,American Council on Exercise
30063,ACE
30063,American Council on Exercise
30063,NASM
30063,National Academy of Sports Medicine
30106,NSCA
30106,National Strength and Conditioning Association
30106,CPR & First Aid Certified
30117,ACE
30117,American Council on Exercise
30109,ACE
30109,American Council on Exercise
30109,NASM
30109,National Academy of Sports Medicine
30109,NSCA
30109,National Strength and Conditioning Association
30040,CrossFit Level 1 Trainer
30040,NSCA
30040,National Strength and Conditioning Association
30040,CPR & First Aid Certified
30125,NASM
30125,National Academy of Sports Medicine
30125,CPR & First Aid Certified
30125,ACE
30125,American Council on Exercise
30049,ACSM
30049,American College of Sports Medicine
30049,ISSA
30049,International Sports Sciences Association
30049,CrossFit Level 1 Trainer
30123,ACSM
30123,American College of Sports Medicine
30199,CPR & First Aid Certified
30199,ACSM
30199,American College of Sports Medicine
30102,CrossFit Level 1 Trainer
30102,ACE
30102,American Council on Exercise
30102,CPR & First Aid Certified
30134,ISSA
30134,International Sports Sciences Association
30185,CPR & First Aid Certified
30185,NASM
30185,National Academy of Sports Medicine
30031,CPR & First Aid Certified
30031,CrossFit Level 1 Trainer
30031,ACSM
30031,American College of Sports Medicine
30114,ISSA
30114,International Sports Sciences Association
30114,NASM
30114,National Academy of Sports Medicine
30167,NASM
30167,National Academy of Sports Medicine
30167,CrossFit Level 1 Trainer
30141,NSCA
30141,National Strength and Conditioning Association
30141,NASM
30141,National Academy of Sports Medicine
30141,CPR & First Aid Certified
30060,ACSM
30060,American College of Sports Medicine
30060,NSCA
30060,National Strength and Conditioning Association
30060,CrossFit Level 1 Trainer
30019,NSCA
30019,National Strength and Conditioning Association
30019,ACE
30019,American Council on Exercise
30093,ACE
30093,American Council on Exercise
30128,ISSA
30128,International Sports Sciences Association
30128,NSCA
30128,National Strength and Conditioning Association
30038,ACE
30038,American Council on Exercise
30038,ACSM
30038,American College of Sports Medicine
30177,CPR & First Aid Certified
30084,CPR & First Aid Certified
30156,CrossFit Level 1 Trainer
30021,NSCA
30021,National Strength and Conditioning Association
30021,NASM
30021,National Academy of Sports Medicine
30021,CrossFit Level 1 Trainer
30165,ACSM
30165,American College of Sports Medicine
30145,ACE
30145,American Council on Exercise
30145,NASM
30145,National Academy of Sports Medicine
30168,ACE
30168,American Council on Exercise
30172,CrossFit Level 1 Trainer
30172,CPR & First Aid Certified
30074,NSCA
30074,National Strength and Conditioning Association
30074,ACE
30074,American Council on Exercise
30169,ACSM
30169,American College of Sports Medicine
30169,NSCA
30169,National Strength and Conditioning Association
30090,CrossFit Level 1 Trainer
30090,NASM
30090,National Academy of Sports Medicine
30120,ACE
30120,American Council on Exercise
30120,ISSA
30120,International Sports Sciences Association
30025,CPR & First Aid Certified
30149,CPR & First Aid Certified
30149,NASM
30149,National Academy of Sports Medicine
30158,ACE
30158,American Council on Exercise
30158,CPR & First Aid Certified
30158,ISSA
30158,International Sports Sciences Association
30055,NSCA
30055,National Strength and Conditioning Association
30055,NASM
30055,National Academy of Sports Medicine
30055,ACSM
30055,American College of Sports Medicine
30143,CrossFit Level 1 Trainer
30147,ISSA
30147,International Sports Sciences Association
30147,ACSM
30147,American College of Sports Medicine
30147,ACE
30147,American Council on Exercise
30129,ACSM
30129,American College of Sports Medicine
30129,NSCA
30129,National Strength and Conditioning Association
30067,NSCA
30067,National Strength and Conditioning Association
30067,ACE
30067,American Council on Exercise
30048,ISSA
30048,International Sports Sciences Association
30048,CrossFit Level 1 Trainer
30006,NSCA
30006,National Strength and Conditioning Association
30103,ACSM
30103,American College of Sports Medicine
30058,ISSA
30058,International Sports Sciences Association
30058,NASM
30058,National Academy of Sports Medicine
30188,ACE
30188,American Council on Exercise
30188,ISSA
30188,International Sports Sciences Association
30188,CPR & First Aid Certified
30085,NASM
30085,National Academy of Sports Medicine
30085,NSCA
30085,National Strength and Conditioning Association
30073,NSCA
30073,National Strength and Conditioning Association
30073,ACE
30073,American Council on Exercise
30073,CrossFit Level 1 Trainer
30077,ACSM
30077,American College of Sports Medicine
30150,CrossFit Level 1 Trainer
30150,ACSM
30150,American College of Sports Medicine
30053,ACSM
30053,American College of Sports Medicine
30053,NASM
30053,National Academy of Sports Medicine
30065,NASM
30065,National Academy of Sports Medicine
30065,ACSM
30065,American College of Sports Medicine
30010,ACE
30010,American Council on Exercise
30010,CPR & First Aid Certified
30079,NSCA
30079,National Strength and Conditioning Association
30041,CPR & First Aid Certified
30196,CPR & First Aid Certified
30196,CrossFit Level 1 Trainer
30196,ISSA
30196,International Sports Sciences Association
30171,CPR & First Aid Certified
30192,CPR & First Aid Certified
30138,NSCA
30138,National Strength and Conditioning Association
30115,NSCA
30115,National Strength and Conditioning Association
30115,CPR & First Aid Certified
30092,CPR & First Aid Certified
30092,ACE
30092,American Council on Exercise
30052,NSCA
30052,National Strength and Conditioning Association
30137,ACE
30137,American Council on Exercise
30137,ACSM
30137,American College of Sports Medicine
30004,CrossFit Level 1 Trainer
30044,CPR & First Aid Certified
30044,NSCA
30044,National Strength and Conditioning Association
30044,CrossFit Level 1 Trainer
30193,ACE
30193,American Council on Exercise
30193,NASM
30193,National Academy of Sports Medicine
30193,NSCA
30193,National Strength and Conditioning Association
30005,NASM
30005,National Academy of Sports Medicine
30005,CPR & First Aid Certified
30005,ACSM
30005,American College of Sports Medicine
30161,ACE
30161,American Council on Exercise
30046,ISSA
30046,International Sports Sciences Association
30122,CPR & First Aid Certified
30122,ACSM
30122,American College of Sports Medicine
30009,NASM
30009,National Academy of Sports Medicine
30009,ACE
30009,American Council on Exercise
