Trainer ID,Name,Gender,Email,Phone Number,Employment Status,Certificates,Specialization,Salary,Hiring Date,Seniority
30107,Ali ElSawy,M,alielsawy@gmail.com,1261497840,Active,NASM (National Academy of Sports Medicine),Lifestyle Coach,7906,2023-03-25,Junior
30190,Nourhan Mahmoud,F,nourhanmahmoud@gmail.com,1249733484,Active,NSCA (National Strength and Conditioning Association); ISSA (International Sports Sciences Association); NASM (National Academy of Sports Medicine),Bodybuilding Coach,10799,2023-11-04,Senior
30162,Ramadan Morsy,M,ramadanmorsy@gmail.com,1191146786,Active,ISSA (International Sports Sciences Association); CPR & First Aid Certified,Personal Trainer,10410,2023-05-14,Senior
30200,Fathy Adel,M,fathyadel@gmail.com,1528743152,Active,ISSA (International Sports Sciences Association); NSCA (National Strength and Conditioning Association),Exercise Specialist,10181,2024-07-06,Senior
30035,Hesham Khedr,M,heshamkhedr@gmail.com,1549894134,Active,CrossFit Level 1 Trainer; ISSA (International Sports Sciences Association),Personal Trainer,11390,2025-05-12,Senior
30175,Marwan Naguib,M,marwannaguib@gmail.com,1574701687,Active,CrossFit Level 1 Trainer,Personal Trainer,7653,2025-01-10,Junior
30110,Moe Nabil,M,moenabil@gmail.com,1583885160,Active,ACE (American Council on Exercise); CPR & First Aid Certified; ISSA (International Sports Sciences Association),Athletic Trainer,8230,2025-05-17,Junior
30197,Bassam Fouad,M,bassamfouad@gmail.com,1534540193,Active,NASM (National Academy of Sports Medicine),Athletic Trainer,7914,2023-05-21,Junior
30072,Gaber Elsherif,M,gaberelsherif@gmail.com,1169594406,Active,CrossFit Level 1 Trainer,Athletic Trainer,10420,2024-12-24,Senior
30112,Bilal Shawky,M,bilalshawky@gmail.com,1541605297,Active,ACSM (American College of Sports Medicine),Fitness Trainer,7802,2023-09-02,Junior
30061,Tarek Ramy,M,tarekramy@gmail.com,1196360576,Active,CrossFit Level 1 Trainer; ACSM (American College of Sports Medicine),Wellness Specialist,11904,2022-08-09,Senior
30119,Alaa Shoukry,M,alaashoukry@gmail.com,1047700541,Active,ACSM (American College of Sports Medicine); ACE (American Council on Exercise); NSCA (National Strength and Conditioning Association),Health Coach,8571,2024-05-04,Junior
30033,Magdy Fathy,M,magdyfathy@gmail.com,1268557444,Active,NASM (National Academy of Sports Medicine); NSCA (National Strength and Conditioning Association); CPR & First Aid Certified,Lifestyle Coach,11109,2023-06-09,Senior
30142,Gabriel ElHusseiny,M,gabrielelhusseiny@gmail.com,1146095396,Active,NSCA (National Strength and Conditioning Association),Fitness Trainer,7013,2024-12-06,Junior
30194,Maha Elsherif,F,mahaelsherif@gmail.com,1184842199,Active,NSCA (National Strength and Conditioning Association); ACE (American Council on Exercise); ACSM (American College of Sports Medicine),Personal Trainer,7651,2025-08-15,Junior
30012,Gaber Hassan,M,gaberhassan@gmail.com,1043455812,Active,CPR & First Aid Certified,Health Coach,8132,2023-06-30,Junior
30154,Ashraf Saleh,M,ashrafsaleh@gmail.com,1197021355,Active,ISSA (International Sports Sciences Association); ACSM (American College of Sports Medicine),Personal Trainer,8097,2024-08-22,Junior
30008,Zakaria Saleh,M,zakariasaleh@gmail.com,1563201632,Active,CPR & First Aid Certified; ACE (American Council on Exercise); NSCA (National Strength and Conditioning Association),Sports Coach,8547,2025-07-15,Junior
30113,Khaled Helmy,M,khaledhelmy@gmail.com,1216136968,Active,CPR & First Aid Certified; NSCA (National Strength and Conditioning Association),Personal Trainer,11080,2022-08-23,Senior
30189,Ahmed Habeeb,M,ahmedhabeeb@gmail.com,1278652785,Active,ACSM (American College of Sports Medicine); CPR & First Aid Certified; CrossFit Level 1 Trainer,Sports Coach,10821,2023-09-26,Senior
30066,Walaa Kamal,F,walaakamal@gmail.com,1061172400,Active,NASM (National Academy of Sports Medicine); ACSM (American College of Sports Medicine); ISSA (International Sports Sciences Association),Sports Coach,11701,2025-08-01,Senior
30153,Amr Youssef,M,amryoussef@gmail.com,1540165820,Active,ACSM (American College of Sports Medicine); ACE (American Council on Exercise),Exercise Specialist,7336,2025-02-25,Junior
30096,Walid Fahmy,M,walidfahmy@gmail.com,1566156545,Active,ISSA (International Sports Sciences Association); CrossFit Level 1 Trainer; ACE (American Council on Exercise),Lifestyle Coach,8910,2023-07-20,Junior
30014,Sawsan Mostafa,F,sawsanmostafa@gmail.com,1560366909,Non Active,ACE (American Council on Exercise); CrossFit Level 1 Trainer; ISSA (International Sports Sciences Association),Personal Trainer,8266,2023-01-17,Junior
30186,Amr Tawfik,M,amrtawfik@gmail.com,1528962309,Active,NSCA (National Strength and Conditioning Association),Fitness Trainer,10825,2023-07-09,Senior
30160,Karim Shawky,M,karimshawky@gmail.com,1242258313,Active,ACSM (American College of Sports Medicine),Personal Trainer,11777,2025-09-19,Senior
30059,Hany Naguib,M,hanynaguib@gmail.com,1204499727,Active,CrossFit Level 1 Trainer; ACSM (American College of Sports Medicine); NSCA (National Strength and Conditioning Association),Athletic Trainer,7937,2022-08-09,Junior
30001,Nabila ElSayed,F,nabilaelsayed@gmail.com,1088356159,Active,CPR & First Aid Certified; ISSA (International Sports Sciences Association),Exercise Specialist,10201,2021-11-08,Senior
30039,Lina Ramy,F,linaramy@gmail.com,1067190229,Non Active,NSCA (National Strength and Conditioning Association); CPR & First Aid Certified; ACSM (American College of Sports Medicine),Health Coach,11949,2024-01-29,Senior
30151,Maysa Badr,F,maysabadr@gmail.com,1184511544,Active,NASM (National Academy of Sports Medicine); ACE (American Council on Exercise),Exercise Specialist,10836,2024-06-01,Senior
30030,Laila Hassan,F,lailahassan@gmail.com,1249480831,Active,ACSM (American College of Sports Medicine),Wellness Specialist,10322,2024-01-29,Senior
30076,Sahar Elsherif,F,saharelsherif@gmail.com,1132858842,Active,CrossFit Level 1 Trainer; ACE (American Council on Exercise),Personal Trainer,7209,2025-08-18,Junior
30013,Ilyas Hassan,M,ilyashassan@gmail.com,1136231665,Active,CrossFit Level 1 Trainer,Health Coach,11899,2025-02-04,Senior
30159,Saber Mansour,M,sabermansour@gmail.com,1072715518,Active,CrossFit Level 1 Trainer; ACSM (American College of Sports Medicine),Fitness Trainer,7532,2023-08-11,Junior
30183,Ebtisam Mostafa,F,ebtisammostafa@gmail.com,1226949588,Active,NSCA (National Strength and Conditioning Association),Fitness Trainer,7077,2023-08-10,Junior
30148,Heba Adel,F,hebaadel@gmail.com,1540345054,Active,CPR & First Aid Certified,Bodybuilding Coach,11878,2023-03-03,Senior
30100,Mohsen Hassan,M,mohsenhassan@gmail.com,1127315851,Active,ACSM (American College of Sports Medicine); ACE (American Council on Exercise); CPR & First Aid Certified,Bodybuilding Coach,11931,2023-04-13,Senior
30170,Intisar Ramy,F,intisarramy@gmail.com,1547102767,Active,ACSM (American College of Sports Medicine); NASM (National Academy of Sports Medicine),Lifestyle Coach,7981,2022-12-22,Junior
30157,Saber Gaber,M,sabergaber@gmail.com,1002786814,Active,CPR & First Aid Certified,Sports Coach,8754,2024-06-21,Junior
30028,Ramadan Mohamed,M,ramadanmohamed@gmail.com,1114737996,Active,ACSM (American College of Sports Medicine); CPR & First Aid Certified,Exercise Specialist,11056,2023-03-28,Senior
30083,Tahany Abd Elaziz,F,tahanyabdelaziz@gmail.com,1161796405,Active,CrossFit Level 1 Trainer; CPR & First Aid Certified,Fitness Trainer,7277,2024-04-09,Junior
30179,Bilal Farouk,M,bilalfarouk@gmail.com,1216878499,Active,CrossFit Level 1 Trainer; NASM (National Academy of Sports Medicine),Health Coach,8733,2025-08-03,Junior
30094,Mansour ElSayed,M,mansourelsayed@gmail.com,1269847896,Active,ACSM (American College of Sports Medicine),Exercise Specialist,13647,2024-06-09,Fitness Manager
30068,Tahany Fouad,F,tahanyfouad@gmail.com,1592221969,Active,NASM (National Academy of Sports Medicine),Exercise Specialist,10970,2022-01-07,Senior
30026,Youssef Barakat,M,youssefbarakat@gmail.com,1571657262,Active,ACE (American Council on Exercise); NASM (National Academy of Sports Medicine),Personal Trainer,11530,2024-09-20,Senior
30081,Moataz Sultan,M,moatazsultan@gmail.com,1512004711,Active,NSCA (National Strength and Conditioning Association); NASM (National Academy of Sports Medicine); ISSA (International Sports Sciences Association),Athletic Trainer,7718,2024-12-13,Junior
30057,Ibrahim Farouk,M,ibrahimfarouk@gmail.com,1267737826,Active,CrossFit Level 1 Trainer; ACE (American Council on Exercise); NSCA (National Strength and Conditioning Association),Athletic Trainer,10379,2023-02-13,Senior
30181,Lotfy ElSayed,M,lotfyelsayed@gmail.com,1198680002,Active,NSCA (National Strength and Conditioning Association); NASM (National Academy of Sports Medicine); CrossFit Level 1 Trainer,Wellness Specialist,7057,2025-04-29,Junior
30130,Sanaa ElSawy,F,sanaaelsawy@gmail.com,1196222927,Active,NASM (National Academy of Sports Medicine); ISSA (International Sports Sciences Association); CrossFit Level 1 Trainer,Exercise Specialist,10975,2022-04-28,Senior
30127,Ibrahim Yasin,M,ibrahimyasin@gmail.com,1228168505,Active,CrossFit Level 1 Trainer; ISSA (International Sports Sciences Association); ACE (American Council on Exercise),Sports Coach,7341,2024-02-05,Junior
30108,Fares Shawky,M,faresshawky@gmail.com,1169003432,Active,ACSM (American College of Sports Medicine); ISSA (International Sports Sciences Association),Health Coach,8541,2022-09-14,Junior
30064,Sherif Farouk,M,sheriffarouk@gmail.com,1545961586,Active,ACSM (American College of Sports Medicine); NSCA (National Strength and Conditioning Association),Bodybuilding Coach,11029,2022-10-04,Senior
30155,Ali Mahmoud,M,alimahmoud@gmail.com,1590927557,Active,CrossFit Level 1 Trainer,Lifestyle Coach,7542,2023-04-22,Junior
30034,Nahed Zaki,F,nahedzaki@gmail.com,1113518233,Active,CPR & First Aid Certified,Bodybuilding Coach,7368,2025-03-19,Junior
30111,Mohsen Ismail,M,mohsenismail@gmail.com,1507159696,Active,CPR & First Aid Certified,Bodybuilding Coach,7420,2024-11-30,Junior
30124,Walid Karam,M,walidkaram@gmail.com,1559051518,Active,CPR & First Aid Certified; CrossFit Level 1 Trainer,Fitness Trainer,9975,2024-07-21,Senior
30098,Hesham Kamal,M,heshamkamal@gmail.com,1180988516,Active,CPR & First Aid Certified; ACE (American Council on Exercise),Personal Trainer,8281,2023-09-22,Junior
30070,Mahmoud Saleh,M,mahmoudsaleh@gmail.com,1074821759,Active,ACE (American Council on Exercise),Exercise Specialist,7851,2024-06-15,Junior
30023,Anas Metwaly,M,anasmetwaly@gmail.com,1024190496,Active,NASM (National Academy of Sports Medicine); ACE (American Council on Exercise),Athletic Trainer,10601,2023-01-29,Senior
30024,Reda Zahran,M,redazahran@gmail.com,1531931491,Active,ISSA (International Sports Sciences Association); ACSM (American College of Sports Medicine),Athletic Trainer,7342,2023-10-30,Junior
30173,Mostafa Fouad,M,mostafafouad@gmail.com,1273210469,Non Active,ISSA (International Sports Sciences Association); NSCA (National Strength and Conditioning Association),Bodybuilding Coach,7735,2024-09-12,Junior
30191,Ramadan Bayoumi,M,ramadanbayoumi@gmail.com,1144375758,Active,ISSA (International Sports Sciences Association); CPR & First Aid Certified,Sports Coach,8363,2025-01-02,Junior
30051,Dina ElSayed,F,dinaelsayed@gmail.com,1212567468,Active,CPR & First Aid Certified; ACE (American Council on Exercise),Fitness Trainer,13183,2022-08-11,Fitness Manager
30132,Kamal Habeeb,M,kamalhabeeb@gmail.com,1147359774,Active,NASM (National Academy of Sports Medicine),Fitness Trainer,8042,2022-01-10,Junior
30089,Ahmed Rashad,M,ahmedrashad@gmail.com,1239502402,Active,CrossFit Level 1 Trainer,Wellness Specialist,8496,2024-07-14,Junior
30016,Nahed Ramy,F,nahedramy@gmail.com,1173467065,Active,ACSM (American College of Sports Medicine); ISSA (International Sports Sciences Association),Fitness Trainer,9936,2021-11-26,Senior
30086,Fares Youssef,M,faresyoussef@gmail.com,1005329318,Active,ACSM (American College of Sports Medicine); ACE (American Council on Exercise),Health Coach,8295,2023-06-22,Junior
30163,Kawthar Naguib,F,kawtharnaguib@gmail.com,1591251778,Active,ACE (American Council on Exercise),Lifestyle Coach,9844,2024-02-01,Senior
30187,Yunus Badr,M,yunusbadr@gmail.com,1030756263,Active,CrossFit Level 1 Trainer; ISSA (International Sports Sciences Association); ACE (American Council on Exercise),Lifestyle Coach,8443,2023-10-02,Junior
30082,Ziad Sultan,M,ziadsultan@gmail.com,1182675869,Active,ISSA (International Sports Sciences Association); NSCA (National Strength and Conditioning Association); ACE (American Council on Exercise),Athletic Trainer,8441,2023-08-10,Junior
30104,Hany Metwaly,M,hanymetwaly@gmail.com,1567525459,Active,NSCA (National Strength and Conditioning Association),Sports Coach,8584,2022-10-04,Junior
30062,Alaa Khaled,F,alaakhaled@gmail.com,1527028951,Active,NSCA (National Strength and Conditioning Association); ACE (American Council on Exercise); NASM (National Academy of Sports Medicine),Athletic Trainer,10206,2025-09-28,Senior
30195,Dina Naguib,F,dinanaguib@gmail.com,1130833016,Active,ISSA (International Sports Sciences Association),Lifestyle Coach,7288,2024-04-13,Junior
30017,Yunus ElBaz,M,yunuselbaz@gmail.com,1527298069,Active,ACE (American Council on Exercise),Lifestyle Coach,8559,2022-11-26,Junior
30078,Saber Shoukry,M,sabershoukry@gmail.com,1585160481,Active,NSCA (National Strength and Conditioning Association); CPR & First Aid Certified; ISSA (International Sports Sciences Association),Personal Trainer,9980,2023-04-18,Senior
30099,Nader Saleh,M,nadersaleh@gmail.com,1260494519,Active,ACE (American Council on Exercise); NASM (National Academy of Sports Medicine),Personal Trainer,9889,2022-01-07,Senior
30069,Sayed Abd Elaziz,M,sayedabdelaziz@gmail.com,1179237474,Active,ACSM (American College of Sports Medicine); CrossFit Level 1 Trainer; CPR & First Aid Certified,Bodybuilding Coach,11072,2025-02-11,Senior
30071,Magdy Nabil,M,magdynabil@gmail.com,1264743671,Active,ACE (American Council on Exercise); ISSA (International Sports Sciences Association),Personal Trainer,11815,2022-02-20,Senior
30166,Salma Kamal,F,salmakamal@gmail.com,1214384249,Active,ACSM (American College of Sports Medicine); CrossFit Level 1 Trainer; ACE (American Council on Exercise),Health Coach,7103,2023-07-30,Junior
30020,Adel Khedr,M,adelkhedr@gmail.com,1070805310,Active,ACE (American Council on Exercise); ISSA (International Sports Sciences Association),Wellness Specialist,11945,2024-09-28,Senior
30136,Marwan Barakat,M,marwanbarakat@gmail.com,1206068536,Active,CPR & First Aid Certified; ACE (American Council on Exercise); NASM (National Academy of Sports Medicine),Lifestyle Coach,11841,2024-09-21,Senior
30105,Anas ElMasry,M,anaselmasry@gmail.com,1002290147,Active,ISSA (International Sports Sciences Association); CPR & First Aid Certified,Sports Coach,8153,2022-01-22,Junior
30146,Youssef Saleh,M,youssefsaleh@gmail.com,1227722170,Active,NASM (National Academy of Sports Medicine),Lifestyle Coach,8457,2024-03-15,Junior
30080,Sara Adel,F,saraadel@gmail.com,1098593174,Non Active,NSCA (National Strength and Conditioning Association),Personal Trainer,7285,2023-02-15,Junior
30075,Magdy Helmy,M,magdyhelmy@gmail.com,1509521456,Active,ACSM (American College of Sports Medicine),Bodybuilding Coach,8556,2024-06-09,Junior
30043,Ilyas ElMasry,M,ilyaselmasry@gmail.com,1181206797,Active,ACE (American Council on Exercise); CrossFit Level 1 Trainer,Wellness Specialist,8980,2025-08-11,Junior
30029,Sayed ElBaz,M,sayedelbaz@gmail.com,1207527354,Active,ISSA (International Sports Sciences Association); NSCA (National Strength and Conditioning Association),Sports Coach,8995,2024-09-21,Junior
30133,Tarek Nabil,M,tareknabil@gmail.com,1588623924,Non Active,NASM (National Academy of Sports Medicine); CrossFit Level 1 Trainer,Wellness Specialist,9688,2024-08-28,Senior
30088,Mahdy Adel,M,mahdyadel@gmail.com,1128421020,Active,ACE (American Council on Exercise); CPR & First Aid Certified; CrossFit Level 1 Trainer,Wellness Specialist,7931,2024-09-13,Junior
30087,Ahmed Saleh,M,ahmedsaleh@gmail.com,1193352904,Active,CPR & First Aid Certified; ISSA (International Sports Sciences Association); CrossFit Level 1 Trainer,Health Coach,8297,2022-06-27,Junior
30095,Maha Sultan,F,mahasultan@gmail.com,1018367365,Active,CrossFit Level 1 Trainer,Athletic Trainer,7414,2022-09-15,Junior
30164,Lina ElSayed,F,linaelsayed@gmail.com,1228922680,Active,CrossFit Level 1 Trainer,Sports Coach,7404,2025-02-13,Junior
30144,Ibrahim Mansour,M,ibrahimmansour@gmail.com,1067065405,Active,NASM (National Academy of Sports Medicine),Athletic Trainer,8346,2024-09-28,Junior
30037,Ilyas Sabry,M,ilyassabry@gmail.com,1084271094,Active,ISSA (International Sports Sciences Association),Athletic Trainer,10070,2024-12-10,Senior
30097,Aya Youssef,F,ayayoussef@gmail.com,1171111615,Active,ACSM (American College of Sports Medicine),Sports Coach,7761,2025-09-26,Junior
30056,Nahed Abd Elaziz,F,nahedabdelaziz@gmail.com,1513171274,Active,CPR & First Aid Certified,Health Coach,11925,2024-05-16,Senior
30118,Samir Yasin,M,samiryasin@gmail.com,1517744905,Active,ISSA (International Sports Sciences Association); CPR & First Aid Certified; NSCA (National Strength and Conditioning Association),Health Coach,8889,2022-05-08,Junior
30042,Alaa Elsayed,F,alaaelsayed@gmail.com,1091334123,Active,CPR & First Aid Certified; CrossFit Level 1 Trainer; ACSM (American College of Sports Medicine),Fitness Trainer,10954,2022-04-28,Senior
30015,Yassin ElGohary,M,yassinelgohary@gmail.com,1570546688,Active,ACSM (American College of Sports Medicine); ISSA (International Sports Sciences Association); CPR & First Aid Certified,Sports Coach,10131,2023-07-10,Senior
30091,Ramadan ElSayed,M,ramadanelsayed@gmail.com,1078390847,Active,ISSA (International Sports Sciences Association); NSCA (National Strength and Conditioning Association),Wellness Specialist,8013,2023-06-21,Junior
30184,Mostafa Tawfik,M,mostafatawfik@gmail.com,1594705516,Active,ACE (American Council on Exercise); ISSA (International Sports Sciences Association),Bodybuilding Coach,7448,2023-05-30,Junior
30135,Zakaria Shawky,M,zakariashawky@gmail.com,1147826137,Active,CrossFit Level 1 Trainer; ACE (American Council on Exercise),Wellness Specialist,7508,2024-05-06,Junior
30027,Mohsen Omran,M,mohsenomran@gmail.com,1298776945,Active,CrossFit Level 1 Trainer; NSCA (National Strength and Conditioning Association),Health Coach,7623,2021-06-05,Junior
30182,Marwan ElSayed,M,marwanelsayed@gmail.com,1278729825,Active,ISSA (International Sports Sciences Association); NASM (National Academy of Sports Medicine); ACSM (American College of Sports Medicine),Exercise Specialist,10271,2025-09-12,Senior
30018,Ibrahim ElBaz,M,ibrahimelbaz@gmail.com,1016272046,Active,NSCA (National Strength and Conditioning Association); CrossFit Level 1 Trainer; ACSM (American College of Sports Medicine),Exercise Specialist,7383,2023-10-22,Junior
30140,Sally Tawfik,F,sallytawfik@gmail.com,1234103697,Active,ISSA (International Sports Sciences Association); NSCA (National Strength and Conditioning Association),Personal Trainer,8154,2024-05-03,Junior
30007,Kamal Eissa,M,kamaleissa@gmail.com,1179176936,Active,NSCA (National Strength and Conditioning Association); ISSA (International Sports Sciences Association); ACSM (American College of Sports Medicine),Health Coach,10484,2024-07-26,Senior
30126,Aya Ibrahim,F,ayaibrahim@gmail.com,1246291486,Active,NSCA (National Strength and Conditioning Association); CPR & First Aid Certified; ISSA (International Sports Sciences Association),Wellness Specialist,7335,2024-10-17,Junior
30022,Nada Barakat,F,nadabarakat@gmail.com,1093745299,Active,NASM (National Academy of Sports Medicine),Health Coach,8067,2022-05-05,Junior
30121,Mohamed Metwaly,M,mohamedmetwaly@gmail.com,1593597820,Active,NSCA (National Strength and Conditioning Association),Personal Trainer,7161,2024-11-17,Junior
30050,Mariam Eissa,F,mariameissa@gmail.com,1196717565,Active,ACE (American Council on Exercise); ISSA (International Sports Sciences Association),Exercise Specialist,9899,2023-11-06,Senior
30002,Khaled Mostafa,M,khaledmostafa@gmail.com,1214846564,Active,NASM (National Academy of Sports Medicine),Bodybuilding Coach,8158,2021-12-04,Junior
30152,Ahmed Hassan,M,ahmedhassan@gmail.com,1596275705,Active,ACE (American Council on Exercise),Lifestyle Coach,13830,2023-05-25,Fitness Manager
30180,Reda Sabry,M,redasabry@gmail.com,1021655852,Active,CPR & First Aid Certified; ISSA (International Sports Sciences Association); NSCA (National Strength and Conditioning Association),Wellness Specialist,7360,2024-01-07,Junior
30116,Ashraf Fathy,M,ashraffathy@gmail.com,1143292127,Active,NSCA (National Strength and Conditioning Association),Lifestyle Coach,7353,2024-08-26,Junior
30176,Hagar Barakat,F,hagarbarakat@gmail.com,1139500479,Active,ISSA (International Sports Sciences Association); NSCA (National Strength and Conditioning Association); NASM (National Academy of Sports Medicine),Exercise Specialist,10650,2023-07-08,Senior
30036,Mona ElGohary,F,monaelgohary@gmail.com,1152408240,Active,CPR & First Aid Certified; ACSM (American College of Sports Medicine),Lifestyle Coach,8702,2025-04-10,Junior
30139,Saber ElSayed,M,saberelsayed@gmail.com,1043289861,Active,ISSA (International Sports Sciences Association),Wellness Specialist,7935,2022-09-05,Junior
30054,Bassam Metwaly,M,bassammetwaly@gmail.com,1570348247,Active,CPR & First Aid Certified,Sports Coach,11159,2025-06-30,Senior
30011,Ayman ElMasry,M,aymanelmasry@gmail.com,1543487347,Active,NASM (National Academy of Sports Medicine); ISSA (International Sports Sciences Association),Exercise Specialist,7559,2025-10-13,Junior
30101,Saber Rashad,M,saberrashad@gmail.com,1293689980,Active,NASM (National Academy of Sports Medicine); ACSM (American College of Sports Medicine); ACE (American Council on Exercise),Health Coach,10907,2022-09-08,Senior
30047,Gaber Elsayed,M,gaberelsayed@gmail.com,1264887719,Active,ACSM (American College of Sports Medicine); ACE (American Council on Exercise),Lifestyle Coach,7050,2024-02-05,Junior
30003,Hany Shoukry,M,hanyshoukry@gmail.com,1136629946,Active,ACE (American Council on Exercise); CrossFit Level 1 Trainer,Exercise Specialist,7432,2025-04-09,Junior
30198,Khaled Elsayed,M,khaledelsayed@gmail.com,1026206724,Active,CPR & First Aid Certified,Athletic Trainer,9777,2024-05-02,Senior
30045,Iman Habeeb,F,imanhabeeb@gmail.com,1161832421,Active,ISSA (International Sports Sciences Association); ACSM (American College of Sports Medicine),Personal Trainer,8188,2025-03-31,Junior
30178,Khadija Youssef,F,khadijayoussef@gmail.com,1550609835,Active,ACE (American Council on Exercise); NASM (National Academy of Sports Medicine); NSCA (National Strength and Conditioning Association),Bodybuilding Coach,10487,2024-02-06,Senior
30032,Ayman Mostafa,M,aymanmostafa@gmail.com,1043634957,Active,ACSM (American College of Sports Medicine); ISSA (International Sports Sciences Association),Personal Trainer,11858,2025-10-10,Senior
30131,Sanaa Saeed,F,sanaasaeed@gmail.com,1065379473,Active,CPR & First Aid Certified,Lifestyle Coach,7522,2022-08-03,Junior
30174,Magdy Khaled,M,magdykhaled@gmail.com,1532595327,Active,NASM (National Academy of Sports Medicine); ACE (American Council on Exercise),Health Coach,11557,2024-04-03,Senior
30063,Ibrahim Elsayed,M,ibrahimelsayed@gmail.com,1518702621,Active,ACE (American Council on Exercise); NASM (National Academy of Sports Medicine),Personal Trainer,7641,2022-08-17,Junior
30106,Ibrahim Nabil,M,ibrahimnabil@gmail.com,1579764381,Active,NSCA (National Strength and Conditioning Association); CPR & First Aid Certified,Sports Coach,7436,2025-07-14,Junior
30117,Farah Abd Elaziz,F,farahabdelaziz@gmail.com,1599799552,Active,ACE (American Council on Exercise),Athletic Trainer,7138,2022-02-02,Junior
30109,Hesham Khalifa,M,heshamkhalifa@gmail.com,1245107622,Active,ACE (American Council on Exercise); NASM (National Academy of Sports Medicine); NSCA (National Strength and Conditioning Association),Athletic Trainer,10072,2023-05-27,Senior
30040,Dina Shawky,F,dinashawky@gmail.com,1213186999,Active,CrossFit Level 1 Trainer; NSCA (National Strength and Conditioning Association); CPR & First Aid Certified,Wellness Specialist,8113,2021-08-06,Junior
30125,Yahya Abd Elaziz,M,yahyaabdelaziz@gmail.com,1544925192,Active,NASM (National Academy of Sports Medicine); CPR & First Aid Certified; ACE (American Council on Exercise),Fitness Trainer,10219,2022-09-06,Senior
30049,Dina Gawad,F,dinagawad@gmail.com,1049027874,Active,ACSM (American College of Sports Medicine); ISSA (International Sports Sciences Association); CrossFit Level 1 Trainer,Personal Trainer,7932,2025-10-15,Junior
30123,Mohamed Gawad,M,mohamedgawad@gmail.com,1588925546,Non Active,ACSM (American College of Sports Medicine),Personal Trainer,10477,2022-05-03,Senior
30199,Tarek Sabry,M,tareksabry@gmail.com,1004991547,Active,CPR & First Aid Certified; ACSM (American College of Sports Medicine),Health Coach,7002,2023-06-28,Junior
30102,Reda Helmy,M,redahelmy@gmail.com,1202445502,Active,CrossFit Level 1 Trainer; ACE (American Council on Exercise); CPR & First Aid Certified,Lifestyle Coach,10437,2024-02-28,Senior
30134,Sanaa Nabil,F,sanaanabil@gmail.com,1075818141,Active,ISSA (International Sports Sciences Association),Health Coach,9644,2025-02-10,Senior
30185,Gaber Omran,M,gaberomran@gmail.com,1209749930,Active,CPR & First Aid Certified; NASM (National Academy of Sports Medicine),Sports Coach,10325,2025-08-12,Senior
30031,Ayman ElNaggar,M,aymanelnaggar@gmail.com,1167837770,Active,CPR & First Aid Certified; CrossFit Level 1 Trainer; ACSM (American College of Sports Medicine),Athletic Trainer,8983,2023-03-07,Junior
30114,Karim Elsherif,M,karimelsherif@gmail.com,1064535218,Active,ISSA (International Sports Sciences Association); NASM (National Academy of Sports Medicine),Fitness Trainer,7145,2024-12-21,Junior
30167,Yasmine Amin,F,yasmineamin@gmail.com,1082992299,Active,NASM (National Academy of Sports Medicine); CrossFit Level 1 Trainer,Sports Coach,7783,2025-01-09,Junior
30141,Walaa Abdelrahman,F,walaaabdelrahman@gmail.com,1017980893,Active,NSCA (National Strength and Conditioning Association); NASM (National Academy of Sports Medicine); CPR & First Aid Certified,Personal Trainer,8990,2025-05-26,Junior
30060,Gaber Shoukry,M,gabershoukry@gmail.com,1555886753,Non Active,ACSM (American College of Sports Medicine); NSCA (National Strength and Conditioning Association); CrossFit Level 1 Trainer,Wellness Specialist,8978,2025-07-19,Junior
30019,Hesham Abdelrahman,M,heshamabdelrahman@gmail.com,1237556464,Active,NSCA (National Strength and Conditioning Association); ACE (American Council on Exercise),Lifestyle Coach,7211,2021-07-15,Junior
30093,Omar Youssef,M,omaryoussef@gmail.com,1059212499,Active,ACE (American Council on Exercise),Exercise Specialist,7094,2022-07-10,Junior
30128,Marwan Mahmoud,M,marwanmahmoud@gmail.com,1223573322,Active,ISSA (International Sports Sciences Association); NSCA (National Strength and Conditioning Association),Wellness Specialist,8579,2022-03-06,Junior
30038,Hussein ElMasry,M,husseinelmasry@gmail.com,1577520471,Active,ACE (American Council on Exercise); ACSM (American College of Sports Medicine),Health Coach,8348,2022-04-03,Junior
30177,Nourhan Youssef,F,nourhanyoussef@gmail.com,1548016245,Active,CPR & First Aid Certified,Lifestyle Coach,8994,2023-10-20,Junior
30084,Kamal Saeed,M,kamalsaeed@gmail.com,1177351585,Active,CPR & First Aid Certified,Personal Trainer,7259,2022-09-16,Junior
30156,Adel Adel,M,adeladel@gmail.com,1092856543,Active,CrossFit Level 1 Trainer,Fitness Trainer,8405,2024-05-04,Junior
30021,Kawthar Tawfik,F,kawthartawfik@gmail.com,1033092327,Active,NSCA (National Strength and Conditioning Association); NASM (National Academy of Sports Medicine); CrossFit Level 1 Trainer,Lifestyle Coach,11194,2023-07-26,Senior
30165,Ibrahim Abdallah,M,ibrahimabdallah@gmail.com,1082422535,Active,ACSM (American College of Sports Medicine),Lifestyle Coach,8698,2024-06-29,Junior
30145,Ghada ElSayed,F,ghadaelsayed@gmail.com,1053195205,Active,ACE (American Council on Exercise); NASM (National Academy of Sports Medicine),Health Coach,11670,2023-12-20,Senior
30168,Sayed Naguib,M,sayednaguib@gmail.com,1290010943,Active,ACE (American Council on Exercise),Exercise Specialist,7563,2024-03-15,Junior
30172,Ibtihal Naguib,F,ibtihalnaguib@gmail.com,1158815371,Active,CrossFit Level 1 Trainer; CPR & First Aid Certified,Fitness Trainer,8642,2024-11-16,Junior
30074,Lina Naguib,F,linanaguib@gmail.com,1233942104,Active,NSCA (National Strength and Conditioning Association); ACE (American Council on Exercise),Bodybuilding Coach,7233,2023-06-20,Junior
30169,Menna Farouk,F,mennafarouk@gmail.com,1590784473,Active,ACSM (American College of Sports Medicine); NSCA (National Strength and Conditioning Association),Athletic Trainer,8257,2024-01-05,Junior
30090,Sayed Mansour,M,sayedmansour@gmail.com,1581177589,Active,CrossFit Level 1 Trainer; NASM (National Academy of Sports Medicine),Personal Trainer,11689,2024-03-12,Senior
30120,Yahya Abdelrahman,M,yahyaabdelrahman@gmail.com,1099867980,Active,ACE (American Council on Exercise); ISSA (International Sports Sciences Association),Sports Coach,8101,2025-06-19,Junior
30025,Sahar Helmy,F,saharhelmy@gmail.com,1058651850,Non Active,CPR & First Aid Certified,Athletic Trainer,9815,2023-06-01,Senior
30149,Adel Youssef,M,adelyoussef@gmail.com,1056676527,Active,CPR & First Aid Certified; NASM (National Academy of Sports Medicine),Fitness Trainer,11115,2023-01-20,Senior
30158,Ebtisam Zahran,F,ebtisamzahran@gmail.com,1273947312,Active,ACE (American Council on Exercise); CPR & First Aid Certified; ISSA (International Sports Sciences Association),Health Coach,10516,2024-08-17,Senior
30055,Ehab Abd Elaziz,M,ehababdelaziz@gmail.com,1510932480,Active,NSCA (National Strength and Conditioning Association); NASM (National Academy of Sports Medicine); ACSM (American College of Sports Medicine),Fitness Trainer,11270,2024-03-08,Senior
30143,Mohsen ElSayed,M,mohsenelsayed@gmail.com,1118518888,Active,CrossFit Level 1 Trainer,Wellness Specialist,10918,2022-09-08,Senior
30147,Aya Saeed,F,ayasaeed@gmail.com,1230305486,Active,ISSA (International Sports Sciences Association); ACSM (American College of Sports Medicine); ACE (American Council on Exercise),Health Coach,8837,2025-07-19,Junior
30129,Ashraf Saeed,M,ashrafsaeed@gmail.com,1041888059,Active,ACSM (American College of Sports Medicine); NSCA (National Strength and Conditioning Association),Lifestyle Coach,7130,2023-06-27,Junior
30067,Moe Ibrahim,M,moeibrahim@gmail.com,1204556238,Active,NSCA (National Strength and Conditioning Association); ACE (American Council on Exercise),Wellness Specialist,7287,2023-01-06,Junior
30048,Ilyas Saeed,M,ilyassaeed@gmail.com,1065940139,Active,ISSA (International Sports Sciences Association); CrossFit Level 1 Trainer,Sports Coach,7237,2025-06-26,Junior
30006,Amr Abdallah,M,amrabdallah@gmail.com,1213433200,Active,NSCA (National Strength and Conditioning Association),Athletic Trainer,8902,2021-10-27,Junior
30103,Salma Zaki,F,salmazaki@gmail.com,1196120183,Active,ACSM (American College of Sports Medicine),Athletic Trainer,7641,2024-01-27,Junior
30058,Ehab ElSayed,M,ehabelsayed@gmail.com,1198214658,Active,ISSA (International Sports Sciences Association); NASM (National Academy of Sports Medicine),Sports Coach,7208,2024-12-22,Junior
30188,Salma Bayoumi,F,salmabayoumi@gmail.com,1589702838,Active,ACE (American Council on Exercise); ISSA (International Sports Sciences Association); CPR & First Aid Certified,Health Coach,7765,2025-04-30,Junior
30085,Yassin Shoukry,M,yassinshoukry@gmail.com,1064317139,Non Active,NASM (National Academy of Sports Medicine); NSCA (National Strength and Conditioning Association),Health Coach,10819,2023-05-09,Senior
30073,Ashraf Farouk,M,ashraffarouk@gmail.com,1209097439,Active,NSCA (National Strength and Conditioning Association); ACE (American Council on Exercise); CrossFit Level 1 Trainer,Exercise Specialist,7936,2025-02-19,Junior
30077,Ziad Zaki,M,ziadzaki@gmail.com,1274517123,Active,ACSM (American College of Sports Medicine),Wellness Specialist,7921,2023-06-10,Junior
30150,Lotfy Barakat,M,lotfybarakat@gmail.com,1558416169,Active,CrossFit Level 1 Trainer; ACSM (American College of Sports Medicine),Athletic Trainer,7484,2024-04-08,Junior
30053,Adel Abd Elaziz,M,adelabdelaziz@gmail.com,1087603859,Active,ACSM (American College of Sports Medicine); NASM (National Academy of Sports Medicine),Bodybuilding Coach,7327,2023-10-27,Junior
30065,Rita Khaled,F,ritakhaled@gmail.com,1278091343,Active,NASM (National Academy of Sports Medicine); ACSM (American College of Sports Medicine),Health Coach,10064,2025-03-10,Senior
30010,Dinaa ElNaggar,F,dinaaelnaggar@gmail.com,1279868727,Active,ACE (American Council on Exercise); CPR & First Aid Certified,Health Coach,10895,2024-10-13,Senior
30079,Suzy Omran,F,suzyomran@gmail.com,1554965137,Active,NSCA (National Strength and Conditioning Association),Health Coach,8763,2025-05-21,Junior
30041,Samir Zahran,M,samirzahran@gmail.com,1186774964,Active,CPR & First Aid Certified,Lifestyle Coach,8306,2021-11-13,Junior
30196,Ziad Omran,M,ziadomran@gmail.com,1271208267,Active,CPR & First Aid Certified; CrossFit Level 1 Trainer; ISSA (International Sports Sciences Association),Lifestyle Coach,10808,2023-10-28,Senior
30171,Yahya Ibrahim,M,yahyaibrahim@gmail.com,1535925556,Active,CPR & First Aid Certified,Bodybuilding Coach,14717,2023-11-30,Fitness Manager
30192,Bassam ElDeeb,M,bassameldeeb@gmail.com,1241986652,Active,CPR & First Aid Certified,Sports Coach,8410,2024-03-06,Junior
30138,Reem ElSayed,F,reemelsayed@gmail.com,1047277901,Active,NSCA (National Strength and Conditioning Association),Wellness Specialist,10656,2024-05-17,Senior
30115,Ibrahim Naguib,M,ibrahimnaguib@gmail.com,1088355231,Active,NSCA (National Strength and Conditioning Association); CPR & First Aid Certified,Health Coach,14584,2025-03-14,Fitness Manager
30092,Moataz Adel,M,moatazadel@gmail.com,1007661771,Active,CPR & First Aid Certified; ACE (American Council on Exercise),Exercise Specialist,8183,2022-09-12,Junior
30052,Mohamed ElMasry,M,mohamedelmasry@gmail.com,1071545168,Active,NSCA (National Strength and Conditioning Association),Bodybuilding Coach,10173,2023-05-02,Senior
30137,Reda Khedr,M,redakhedr@gmail.com,1053051522,Active,ACE (American Council on Exercise); ACSM (American College of Sports Medicine),Fitness Trainer,7457,2025-07-11,Junior
30004,Maha ElGohary,F,mahaelgohary@gmail.com,1044369957,Active,CrossFit Level 1 Trainer,Fitness Trainer,10648,2024-06-08,Senior
30044,Mostafa Zahran,M,mostafazahran@gmail.com,1203447134,Active,CPR & First Aid Certified; NSCA (National Strength and Conditioning Association); CrossFit Level 1 Trainer,Personal Trainer,9903,2022-11-03,Senior
30193,Hany Kamal,M,hanykamal@gmail.com,1204157473,Active,ACE (American Council on Exercise); NASM (National Academy of Sports Medicine); NSCA (National Strength and Conditioning Association),Health Coach,9507,2025-04-27,Senior
30005,Mahmoud Eissa,M,mahmoudeissa@gmail.com,1573872148,Active,NASM (National Academy of Sports Medicine); CPR & First Aid Certified; ACSM (American College of Sports Medicine),Personal Trainer,7644,2021-06-24,Junior
30161,Tahany Shawky,F,tahanyshawky@gmail.com,1137058957,Active,ACE (American Council on Exercise),Lifestyle Coach,7208,2023-06-02,Junior
30046,Moe Zaki,M,moezaki@gmail.com,1024994717,Active,ISSA (International Sports Sciences Association),Bodybuilding Coach,7948,2025-09-20,Junior
30122,Fathy Gaber,M,fathygaber@gmail.com,1515182037,Active,CPR & First Aid Certified; ACSM (American College of Sports Medicine),Lifestyle Coach,7669,2024-03-15,Junior
30009,Bassam Elsayed,M,bassamelsayed@gmail.com,1508317278,Non Active,NASM (National Academy of Sports Medicine); ACE (American Council on Exercise),Lifestyle Coach,10916,2021-09-09,Senior
